Id part,Condition,mother tongue,sex,interact_ass,play_vg,enjoy_ass,useful_ass,satisfied,knowledgable,trust,map,listen,use,recommand,comment,nb wrong turn,nb look at the map,nb ask info,time to finish,time to coin 1,time to coin 2,time to coin 3,time to coin 4,time to coin 5,time to coin 6,time to coin 7,time to coin 8,time to coin 9,time to coin 10,time to coin 11,time to coin 12,time to treasure box,order map ask and coin
25,1,French,0,2,5,4,4,4,5,5,1,5,4,4,The character is maybe too quick compared to the length of the indications. The most useful indications are those that include visual checkpoints (gas station ect.) more than 4th left,3,0,16,441,73,9,6,59,16,147,17,10,33,9,24,37,,WAAACCCACACWAWAAACACACAACCACAAC
21,1,French,1,2,5,1,4,3,4,5,2,4,3,3,"I don't like to talk to assistant in general, it weird me out",4,0,5,409,53,13,9,61,18,52,20,10,20,20,44,90,,WACACCCCWCCCCCCWAWAAC
26,1,French,1,1,3,1,2,3,4,4,3,4,4,4,the time lapse between advancing and the feedback made it sometimes difficult to understand the instructions,4,1,24,655,89,24,10,200,182,9,21,11,20,19,29,29,124,WAACAACACAACAWAAAMAACCACACACACWACACAWAAAC
27,1,French,0,2,5,3,4,4,4,4,0,5,4,3,She is nice :),4,0,13,450,43,10,12,13,5,61,10,22,17,25,41,44,28,WAACCCCAWAACACACCACWACAWAACAC
A,0,Farsi,1,4,5,2,2,4,3,4,1,1,4,3,,1,8,,695,114,30,8,158,21,109,31,22,39,23,20,44,76,WMMMCCCMCCMCCCMCCCCMM
D,0,Italian,0,5,2,4,2,4,2,4,1,2,3,3,,3,7,,545,69,13,7,75,19,145,26,15,18,14,19,46,79,WCCCCCWMMMMMWCCCCCCCMMF
E,0,Italian,0,4,1,5,3,2,4,3,1,2,5,5,The agent is too slow in the reactions. The agent canâ€™t recalculate the path based on your direction (when you take the wrong path).,4,4,,501,70,12,6,78,16,59,19,13,80,16,14,26,92,WCCCCCCCCWMWMCCCCMWMF
F,0,Italian,0,3,4,4,2,2,3,2,1,3,2,3,,3,4,,568,108,20,11,93,17,97,21,16,34,15,10,30,96,MMCCCCCWWMCCCCCCCWMF
G,0,Italian,1,4,3,5,5,4,4,4,1,4,4,4,,4,8,,692,60,42,8,149,17,146,22,14,84,18,13,31,88,WMCMCCMWMCCMMCCCWMCCCCWMF
H,0,Italian,0,2,2,2,1,4,2,2,1,2,2,2,,8,4,,421,28,12,9,78,14,56,16,8,16,17,11,26,151,MCCCWCCWCCCCCCWWMWWWMWMF